id,cast
397,"['Meg Ryan', 'Kevin Kline', 'Timothy Hutton', 'Jean Reno', 'Adam Brooks', 'François Cluzet', 'Suzan Anbeh', 'Renée Humphrey']"
4174,"['Ingrid Bergman', 'Gregory Peck', 'Michael Chekhov', 'Rhonda Fleming', 'Leo G. Carroll', 'John Emery', 'Norman Lloyd', 'Bill Goodwin', 'Steven Geray', 'Donald Curtis', 'Art Baker', 'Regis Toomey', 'Paul Harvey', 'Wallace Ford']"
333165,[]
10585,"['Catherine Hicks', 'Chris Sarandon', 'Alex Vincent', 'Brad Dourif', 'Dinah Manoff', 'Ed Gale']"
20096,"['Demi Moore', 'Jeff Daniels', 'George Dzundza', 'Mary Steenburgen', 'Frances McDormand', 'Margaret Colin', 'Max Perlich', 'Miriam Margolyes']"
11932,"['Ed Gale', 'Jennifer Tilly', 'Brad Dourif', 'Katherine Heigl', 'Nick Stabile', 'John Ritter', 'Alexis Arquette', 'Kathy Najimy', 'Gordon Michael Woolvett', 'Lawrence Dane', 'Michael Louis Johnson', 'James Gallanders', 'Janet Kidder', 'Vince Corazza', 'Park Bench', 'Emily Weedon', 'Ben Bass', 'Roger McKeen', 'Sandi Stahlbrand']"
11881,"['Edmund Gwenn', 'Natalie Wood', ""Maureen O'Hara"", 'John Payne', 'Philip Tonge', 'Porter Hall', 'Alvin Greenman', 'Harry Antrim', 'James Seay', 'Gene Lockhart', 'William Frawley', 'Jerome Cowan', 'Robert Hyatt', 'Marlene Lyden', 'Lela Bliss', 'Herbert Heyes', 'Theresa Harris', 'Percy Helton', 'Thelma Ritter', 'Mary Field', 'Jack Albertson', 'Ann Staunton', 'Walden Boyle', 'Dorothy Christy', 'Dick Cogan', 'Jeff Corey', 'Mike Donovan', 'William Forrest', 'Jack Gargan', 'Robert Gist', 'Jane Green', 'Alvin Hammer', 'William Hoehne Jr.', 'Clark Howat', 'Richard Irving', 'Robert Karnes', 'Mae Marsh', ""Anne O'Neal"", ""'Snub' Pollard"", 'Lorin Raker', 'Bob Reeves', 'Stephen Roberts', 'Jeffrey Sayre', 'Irene Shirley', 'Ray Spiker', 'Brick Sullivan', 'Anthony Sydes', 'Guy Thomajan']"
68426,"['Whoopi Goldberg', 'Bette Midler', 'Nathan Lane', 'Lily Tomlin', 'Bruce Vilanch', 'Raquel Welch', 'Michael Feinstein', 'Shirley MacLaine', 'Florence Henderson', 'Steven Seagal', 'Michael Douglas', 'Paul Reiser', 'Danny Harris', 'Jenifer Lewis', 'Roseanne Barr', 'Carol Burnett', 'Jeff Margolis', 'Salma Hayek', 'Dora Mendoza', 'Paul Guerro', 'Henne Vilanch', 'Michele Lee', 'Billy Crystal', 'George Schlatter', 'Stephen Pouliot', 'Susan Futterman', 'Marc Shaiman', 'Michael Smith', 'James Loyce', 'Don Scotti', 'Christine Baranski', 'Tim Curry', 'Traci Lords', 'Tom Vergron', 'David Copperfield', 'Margaret Cho', ""Beverly D'Angelo"", 'Ali MacGraw', 'Lauren Bacall', 'Merry Clayton', 'Sigourney Weaver', 'Robin Williams']"
123047,"['Glenda Jackson', 'Ben Kingsley', 'Michael Gambon', 'Nigel Hawthorne', 'Richard Johnson', 'Rosemary Leach', 'Eleanor Bron', 'Harriet Walter', 'Jeroen Krabbé', 'Peter Capaldi', 'Harold Pinter']"
31657,"['Jane Fonda', 'Jon Voight', 'Bruce Dern', 'Penelope Milford', 'Robert Carradine']"
29572,"['Christina Ricci', 'Johnny Depp', 'Cate Blanchett', 'John Turturro', 'Harry Dean Stanton']"
12521,"['Michael Murphy', 'Mitch Pileggi', 'Peter Berg', 'Camille Cooper', 'Sam Scarber', 'Richard Brooks', 'Vincent Guastaferro', 'Ted Raimi', 'Heather Langenkamp', 'John Tesh', 'Christopher Kriesa', 'Timothy Leary', 'Wes Craven', 'Bruce Wagner', 'Ernie Lively', 'Lindsay Parker', 'Brent Spiner']"
7988,"['Michael Caine', 'David Warner', 'Angela Punch McGregor', 'Frank Middlemass', 'Don Henderson', 'Dudley Sutton', 'Colin Jeavons', 'Zakes Mokae', 'Jeffrey Frank', ""John O'Leary"", 'Bruce McLaughlin', 'Jimmy Casino', 'Suzanne Astor', 'Susan Bredhoff', 'Brad Sullivan']"
15904,['Samuel Berkowitz']
24621,"['Roselyn Sánchez', 'Sofía Vergara', 'Jaci Velasquez', 'Eduardo Verástegui', 'Lisa Vidal', 'Freddy Rodríguez', 'María Conchita Alonso', 'D. L. Hughley', 'Germán Legarreta']"
3635,"['Scarlett Johansson', 'Colin Firth', 'Cillian Murphy', 'Tom Wilkinson', 'Judy Parfitt', 'Essie Davis', 'Joanna Scanlan', 'Gabrielle Reidy', 'Chris McHallem', 'Alakina Mann', 'Rollo Weeks', 'Anna Popplewell', 'Claire Johnston']"
11137,"['Julia Stiles', 'Luke Mably', 'Ben Miller', 'Miranda Richardson', 'James Fox', 'Alberta Watson', 'John Bourgeois', 'Zachary Knighton', 'Elisabeth Waterston', 'Eliza Bennett', 'Klára Issová', 'Richard Lee']"
14576,"['Stuart Townsend', 'Gabriel Byrne', 'Thandie Newton', 'Jamie Foxx', 'Roger Guenveur Smith', 'Melanie Griffith', 'Sylvester Stallone', 'Rodney Rowland', 'Stacie Randall', 'Erika Nann', 'Bo Hopkins', 'Dina Merrill', 'Mark Boone Junior', 'Hal Holbrook', 'Michael Dorn', 'Patrick Bauchau', 'Tony Amendola', 'B-Real', 'Charles Rocket']"
2786,"['Jean-Paul Belmondo', 'Anna Karina', 'Graziella Galvani', 'Dirk Sanders', 'Jimmy Karoubi', 'Roger Dutoit', 'Hans Meyer', 'Samuel Fuller', 'Aicha Abadir', 'Raymond Devos', 'Jean-Pierre Léaud', 'Georges Staquet', 'Henri Attal', 'Dominique Zardi', 'Pierre Hanin', 'László Szabó']"
23855,"['Adam Garcia', 'Rosario Dawson', 'Jake Busey', 'Enrico Colantoni', 'Ethan Suplee', 'Anjul Nigam', 'Gregory Jbara', 'Dan Butler', 'Linda Hart', 'Shiva Rose', 'Chandra West', 'Heather Dubrow', 'Stoney Westmoreland', 'John Rothman', 'Rob Benedict']"
110598,"['Lily Tomlin', 'John Travolta', 'Andra Akers', 'Bert Kramer', 'Shelley R. Bonus', 'Debra Feuer', 'James Luisi', ""John O'Leary"", 'Neil Flanagan']"
14198,"['John C. Reilly', 'Diego Luna', 'Maggie Gyllenhaal', 'Peter Mullan', 'Zitto Kazann', 'Jonathan Tucker', 'Laura Cerón', 'Soledad St. Hilaire', 'Michael Shannon']"
80911,"['Rip Torn', 'Ahna Capri', 'Elayne Heilveil', 'Michael C. Gwynne', 'Jeff Morris', 'Cliff Emmich', 'Henry O Arnold']"
4689,"['Song Kang-ho', 'Shin Ha-kyun', 'Bae Doona', 'Im Ji-eun', 'Han Bo-bae', 'Lee Dae-yeon', 'Kim Se-dong', 'Gi Ju-bong']"
15401,"['Randolph Scott', 'Charles Laughton', 'Gilbert Roland', 'William Farnum', 'Barbara Britton', 'John Carradine']"
27549,"['Marc Singer', 'Kari Wuhrer', 'Sarah Douglas', 'Wings Hauser', 'Robert Fieldsteel', 'Arthur Malet', ""Robert Z'Dar"", 'James Avery', 'Paul Goodman', 'Mark Roberts', 'Michael Berryman', 'David Carrera', 'Carl Ciarfalio', 'Larry Dobkin', 'Jim Eagle', 'Gordon Greene', 'Lawrence Mandley', 'Dick Warlock', 'Vic Trevino', 'Wayne Pére', 'Rex Pierson', 'Frank Welker', 'Dan Woren']"
19119,"['Richard Widmark', 'Gene Tierney', 'Googie Withers', 'Hugh Marlowe', 'Francis L. Sullivan', 'Herbert Lom', 'Stanislaus Zbyszko', 'Mike Mazurki', 'Charles Farrell', 'Alan Tilvern']"
19354,['Dana Dempsey']
36380,"['Cezary Pazura', 'Maciej Stuhr', 'Michał Milowicz', 'Bohdan Łazuka']"
84956,"['Alexander Granach', 'Fritz Kortner', 'Ruth Weyher', 'Gustav von Wangenheim', 'Eugen Rex', 'Lilli Herder', 'Fritz Rasp', 'Karl Platen', 'Max Gülstorff', 'Ferdinand von Alten', 'Rudolf Klein-Rogge']"
44892,"['Stan Laurel', 'Oliver Hardy', 'Dinah', 'Gladys Gale', 'Billy Gilbert', 'William Gillespie', 'Charlie Hall', 'Lilyan Irene', 'Sam Lufkin']"
9664,"['James Franco', 'David Ellison', 'Jean Reno', 'Philip Winchester', 'Abdul Salis', 'Todd Boyce', 'Karen Ford', 'Mac McDonald', 'Scott Hazell', 'Ruth Bradley', 'Tim Pigott-Smith', 'Tyler Labine', 'Gail Downey', 'Augustin Legrand', 'Keith McErlean', 'Jennifer Decker']"
42567,"['Gregory Peck', 'Susan Hayward', 'Kieron Moore', 'Raymond Massey', 'James Robertson Justice', 'Jayne Meadows', 'John Sutton', 'Dennis Hoey', 'Francis X. Bushman', 'George Zucco', 'William Severn', 'Gwen Verdon']"
12271,"['Sienna Miller', 'Guy Pearce', 'Hayden Christensen', 'Mena Suvari', 'Jimmy Fallon', 'Tara Summers', 'Mary Elizabeth Winstead', 'Jack Huston', 'Armin Amiri', 'Shawn Hatosy', 'Beth Grant', 'James Naughton', 'Edward Herrmann', 'Illeana Douglas', 'Don Novello', 'Colleen Camp', 'Will Carter', 'Grant James', 'Tarajia Morrell', 'Johnny Whitworth', 'Brian Bell', 'Meredith Ostrom', 'Pat Wilson', 'Deneen Tyler', 'Thomas Faustin Huisking', 'Peggy Walton-Walker', 'Tommy Perna', 'Alexi Wasser', 'Brandon Ray Olive', 'Joel Michaely', 'Madeleine Poirrier', 'George Plimpton', 'Richard Folmer']"
15017,"['Jessica Simpson', 'Luke Wilson', 'Rachael Leigh Cook', 'Penelope Ann Miller', 'Andy Dick', 'Larry Miller', 'Willie Nelson', 'Penny Marshall']"
27172,"['Kirk Douglas', 'Henry Fonda', 'Hume Cronyn', 'Warren Oates', 'Burgess Meredith', 'John Randolph', 'Lee Grant', ""Arthur O'Connell"", 'Martin Gabel', 'Michael Blodgett', 'C.K. Yang', 'Alan Hale Jr.', 'Victor French', 'Claudia McNeil', 'Bert Freed']"
4286,"['Giancarlo Giannini', 'Laura Antonelli', ""Jennifer O'Neill"", 'Marc Porel', 'Rina Morelli', 'Massimo Girotti', 'Didier Haudepin', 'Marie Dubois', 'Claude Mann', 'Roberta Paladini', 'Marina Pierro']"
18426,"['Jun Ji-hyun', 'Jung Woo-sung', 'Lee Sung-jae', 'Cheon Ho-jin', 'David Chiang', 'Dion Lam', 'Man-Lung Tang', 'Sara Bernardo Aires']"
44006,"['Laurence Olivier', 'Maggie Smith', 'Joyce Redman', 'Frank Finlay', 'Derek Jacobi']"
9503,"['John Goodman', 'Johanna Wokalek', 'David Wenham', 'Iain Glen', 'Edward Petherbridge', 'Anatole Taubman', 'Lotte Flack', 'Tigerlily Hutchinson', 'Jördis Triebel', 'Oliver Cotton', 'Nicholas Woodeson', 'Suzanne Bertish', 'Richard van Weyden', 'Branko Tomovic', 'Lenn Kudrjawizki', 'Alexander Held', 'Christian Redl', 'Claudia Michelsen', 'Katrin Pollitt', 'Claudia Geisler', 'Kristina Karst']"
54430,"['Constance Bennett', 'Roland Young', 'Billie Burke', 'Alan Mowbray', 'Verree Teasdale', 'Franklin Pangborn', ""Alexander D'Arcy"", 'Paul Hurst', 'Armand Kaliz', 'Spencer Charters', 'Irving Pichel', 'Leon Belasco', 'Georges Renavent', 'Bobby Barber', 'Wade Boteler', 'Cary Grant', 'Ben Taggart', 'Bess Flowers', 'Eddie Conrad', 'George Davis']"
48118,"['Richard E. Grant', 'Lynsey Baxter', 'Perdita Weeks', 'Simon Cadell', 'Thom Hoffman', 'James Laurenson', 'Heathcote Williams', 'Roger Sloman', 'Gerard Thoolen', 'Elizabeth McKechnie', 'Joanna Dickens', 'Jade Hope', 'Vladimir Kulhavy', 'Boudewijn de Groot', 'Robert Cavanah', 'Natasa Hanusová', 'Marta Hrachovinová', 'Nina Jiránková']"
61537,"['Bruce Campbell', 'Chandra West', 'Kiele Sanchez', 'John Diehl', 'Kiele Sanchez', 'RonReaco Lee', 'Ilza Rosario', 'Jeffrey Donovan', 'Pedro Pascal', ""Brendan O'Malley""]"
36513,"['Clark Gable', 'Carole Lombard', 'Dorothy Mackaill', 'Grant Mitchell', 'Elizabeth Patterson', 'George Barbier', 'J. Farrell MacDonald', 'Tommy Conlon', 'Walter Walker', 'Paul Ellis', 'Charley Grapewin', 'Sammy Blum', 'Wallis Clark', 'Lillian Harmer', 'Ferdinand Munier', 'Clinton Rosemond', 'Oscar Smith', 'Jerry Tucker']"
147105,"['Danny Kaye', 'Cyril Ritchard', 'Imogene Coca', 'Allen Swift', 'Bob McFadden']"
64685,"['Thomas Horn', 'Tom Hanks', 'Sandra Bullock', 'Max von Sydow', 'John Goodman', 'Viola Davis', 'Jeffrey Wright', 'Zoe Caldwell', 'Hazelle Goodman', 'Adrian Martinez', 'Stephen Henderson', 'Dennis Hearn', 'Paul Klementowicz', 'Julian Tepper', 'Caleb Reynolds', 'Gregory Korostishevsky', 'Brooke Bloom', 'Jenson Smith', 'Stephanie Kurtzuba', 'Malachi Weir', 'Lorna Guity Pruce']"
59457,"['Eva Green', 'Matt Smith', 'Lesley Manville', 'Peter Wight', 'István Lénárt', 'Hannah Murray', 'Ruby O. Fee', 'Tristan Christopher', 'Jesse Hoffmann', 'Natalia Tena', 'Ella Smith', 'Wunmi Mosaku', 'Alexander Goeller', 'Gina Stiebitz', 'Adrian Wahlen']"
72958,"['Nurul Islam Bablu', 'Russell Farazi', 'Jayanto Chattopadhyay', 'Rokeya Prachy']"
28238,"['David Tennant', 'Patrick Stewart', 'Penny Downie', 'Oliver Ford Davies', 'Mariah Gale', 'Edward Bennett', 'Peter de Jersey']"
45314,['Don Hollenbeck']
98065,"['Anne Marsen', 'Dai Omiya', 'John Doyle']"
138376,"['Andy García', 'Kim Coates', 'Deborah Kara Unger', 'Eva Longoria', 'Forest Whitaker', 'Kevin Durand', 'Steven Bauer', 'Devon Bostick', 'Al Sapienza', 'Lara Daans', 'Peter DaCunha']"
102420,"['Daniel Rairdin-Hale', 'Yosh Hayashi', 'Ben Hopkins', 'Hanlon Smith-Dorsey', 'Andrew Harvey', 'Jessica Denney', 'Susaan Jamshidi']"
15991,"['Charlee Danielson', 'Anthony Sneed', 'Ginger Starr', 'John A. Thorburn', 'Tom Kohut', 'James Shell', 'Vivian Sanchez', 'Jessie Jayne Clancy', 'Mark Wilson', 'Tina Krause', 'Jude Angelini', 'Rachael Robbins']"
106828,[]
241261,"['Henry Ian Cusick', 'Nicki Aycox', 'Stephen Lang', 'Charles Aitken']"
128555,"['Maurizio Merli', 'Arthur Brauss', 'Francisco Rabal', ""Ottaviano Dell'Acqua"", 'Bobby Rhodes', 'Jutta Speidel', 'Buddy Elias']"
222216,"['Donnie Yen', 'Jing Tian', 'Collin Chou', 'Andy On', 'Ronald Cheng', 'Paw Hee-Ching', 'Ying Zhi-Gang', 'Frankie Ng', 'Ken Lo', 'Zhang Hanyu']"
248469,"['Shirley MacLaine', 'Laurence Harvey', 'Jack Hawkins', 'Nobu McCarthy', 'Juano Hernández', 'Ronald Long', 'Norah Howard']"
198782,[]
98560,"['Trevor Morgan', 'Rumer Willis', 'Robert Loggia', 'Christopher Cousins', 'Brad Champion', 'Erin Dilly', 'Tom Verri']"
312316,"['James Parks', 'Caroline Goodall', 'Burt Young', 'Katie McGovern', 'Sara Lazzaro']"
73456,"['Diana Kaarina', 'Morwenna Banks', 'Nicole Oliver', 'Brittney Wilson', 'Ali Liebert', 'Shannon Chan-Kent', 'Madeleine Peters', 'Ellen Kennedy', 'Derek Waters', 'Bethany Brown', 'Kelly Metzger', 'Kazumi Evans', 'Anna Cummer', 'Miranda Ram-Nolte']"
172014,"['Bill Ayers', 'Kathy Boudin', 'Emile de Antonio', 'Bernardine Dohrn', 'Jeff Jones', 'Haskell Wexler', 'Cathy Wilkerson']"
335077,"['Garrett Coffey', 'Caon Mortenson', 'Riley Jane', 'Taylor Coliee', 'Luke Davis', 'Chantal Thuy', 'Mike Michaels']"
13748,"['Kad Merad', 'Olivier Baroux', 'Marina Foïs', 'Guillaume Canet', 'André Dussollier', 'Pierre-François Martin-Laval', 'Frédéric Proust', 'Thierry Frémont', 'Vincent Moscato', 'Véronique Barrault', 'Frédérique Bel', 'Mathieu Bisson', 'Eric Brats', 'Alexandre Caumartin', 'François Clavier']"
275657,"['Tas Pappas', 'Ben Pappas']"
245168,"['Carey Mulligan', 'Helena Bonham Carter', 'Meryl Streep', 'Ben Whishaw', 'Brendan Gleeson', 'Romola Garai', 'Anne-Marie Duff', 'Samuel West', 'Geoff Bell', 'Natalie Press', 'Adrian Schiller', 'Amanda Lawrence', 'Adam Michael Dodd', 'Grace Stottor', 'Lorraine Stanley', 'Morgan Watkins', 'Finbar Lynch', 'Nick Hendrix', 'Shelley Longworth', 'Sarah Finigan', 'Drew Edwards', 'Adam Nagaitis']"
183859,['Richard Hammer']
167733,"['Julie Gonzalo', 'Adam Johnson', 'Gary Cole', 'Maclain Nelson', 'Bart Johnson', 'Alexis Knapp', 'Renny Grames', 'Leanna Pareja', 'Matt Mattson', 'Jake Van Wagoner']"
318917,"['Oliver Masucci', 'Fabian Busch', 'Katja Riemann', 'Christoph Maria Herbst', 'Franziska Wulf', 'Lars Rudolph', 'Roberto Blanco', 'Stephan Grossmann', 'Patrick Heinrich', 'Michael Ostrowski', 'Gudrun Ritter', 'Paul Maaß', 'Katharina Abt']"
97108,[]
87897,"['Peter Brocco', 'Frances Fuller', 'William Hansen', 'Ruth McDevitt', 'Paula Trueman', 'Ian Wolfe', 'Linda Marsh', 'Douglas Fowley', 'Wesley Lau', 'Norman Gottschalk', 'Ireene Webster', 'Nicholas Lewis', 'Michael Johnson']"
65545,"['Aleksandr Lyapin', 'Lidiya Milyuzina', 'Yegor Baranovsky', 'Ivan Kupreyenko', 'Vladimir Ilin', 'Tatyana Yakovenko', 'Armen Dzhigarkhanyan']"
145081,"['Jeff Wincott', 'Michael Ironside', 'Terri Hawkes', 'Calista Carradine']"
320853,"['Ray Milland', 'Florence Marly', 'John Hoyt', 'Norbert Schiller', 'John Ridgely', 'Patricia Miller', 'Broderick Crawford', 'Charles Evans', 'Ludwig Donath', 'Celia Lovsky', 'Ann Doran']"
26537,"['Roger Miller', 'Brenda Vaccaro', 'Eric Stern']"
40993,[]
125531,[]
94170,"['Bob Hope', 'Phyllis Diller', 'Jonathan Winters', 'Shirley Eaton', 'Jill St. John', 'Stacey Gregg', 'Kevin Brodie']"
311667,"['Adrien Brody', 'Yvonne Strahovski', 'Campbell Scott', 'Jennifer Beals', 'Steven Berkoff', 'Linda Lavin', 'Kevin Breznahan', 'Thomas Bair', 'Will Beinbrink', 'Frank Deal', 'Chinasa Ogbuagu', 'Uzimann', 'Amelie McKendry']"
48405,[]
81765,[]
324421,"['Dee Snider', 'Jay Jay French']"
393184,"['El Sebaii Mohamed', 'Hani Adel', 'Nelly Karim', 'Ahmed Dash', 'Ahmed Malek', 'Tarek Abdel Aziz', 'Hosny Sheta']"
391477,"['Chapman To', 'Gregory Wong', 'Philip Keung', 'Anthony Wong', 'Bonnie Xian', 'Danny Summer', 'Tony Ho Wah-Chiu', 'Deep Ng', 'Cheuk-lap Hung', 'Yee Tong', 'Lee Lung-Kei', 'Carlos Chan']"
205939,"['Nicola Posener', 'Vidal Sancho', 'David Haydn', 'Amy De Bhrún', 'Claire Cordingley', 'Stefan Dubois', 'Kynan Griffin']"
308423,"['James Norton', 'Will Tudor', 'Tessa Peake-Jones', 'Eleanor Wyld', 'Orlando Seale', 'Josie Lawrence']"
215736,"['Bobby Breen', 'Leo Carrillo', 'Henry Armetta', 'Lee Patrick', 'Tommy Bupp', 'Rosina Galli', 'Leon Belasco', 'George Humbert', 'Slicker the Seal', ""Dorr's St. Luke's Choristers"", 'Neal Dodd', 'Pua Lani', 'Milo Marchetti Jr.', 'Ronald Paige', 'Jackie Salling', 'Leonard Kibrick']"
20837,['Jim Gaffigan']
37840,"['Kim Joo-hyuk', 'Moon Geun-Young', 'Sung-ho Choi', 'Jo Jae-yoon', 'Do Ji-won', 'Jin Goo']"
425002,['Dan Levy']
421962,[]
424488,"['Kate Mara', 'Ramón Rodríguez', 'Tom Felton', 'Bradley Whitford', 'Will Patton', 'Sam Keeley', 'Common', 'Edie Falco', 'Damson Idris', 'Shannon Tarbet', 'Alex Hafner', 'Parker Sawyers', 'Corey Weaver', 'Geraldine James', 'Corey Johnson', 'Miguel Gomez', 'Catherine Dyer', 'Melina Matthews', 'Jonathan Howard', 'Jonah Bowling', 'Mish Boyko', 'Alisa Harris', 'Nick Madrick', 'Jason Turner', 'Sasha Morfaw', 'Jennifer Duke', 'Megan Leavey', 'Andrew Moon', 'Alicia Lobo', 'Luka Peroš', 'Nils Holst', 'Phil Dunster', 'Rudy Dobrev', 'Frank von Loh', 'Luke Neal', 'Nik Schodel', 'William Miller', 'Ali El Aziz', 'Abderrahim Daoudi', 'Benjamin Nathan-Serio', 'Jacob Yakob', 'Khaled Kouka', 'Mark Schardan', 'Mohammed Kasmi', 'David Chevers', 'Matthew W. Morgan', 'Joseph Yakob', 'Michael Strelow', 'Michael Strelow', 'Jeremy Jones', 'Josh Ventura', 'Nancy Crane', 'Andrew Masset', 'Tyler Buckingham', 'Jacob Lovett', 'Angela Bennett', 'Christine Jones', 'Liliana Cabal', 'James D. Dever']"
82377,"['Jennie Garth', 'Steven Eckholdt', 'Charles Robinson', 'Joel McKinnon Miller', 'Victor Raider-Wexler', 'Josh Randall', 'Kathryn Joosten', 'Sam Anderson', 'Marnette Patterson', 'Cody Fleetwood', 'Barbara Billingsley']"
72611,"['Aleksandr Kalyagin', 'Mikhail Kozakov', 'Armen Dzhigarkhanyan', 'Tamara Nosova', 'Tatyana Vedeneeva', 'Mikhail Lyubeznov', 'Oleg Shklovsky', 'Tatyana Vasileva', 'Valentin Gaft']"
391700,"['Caterina Murino', 'Julie Gayet', 'Julie Depardieu', 'Thierry Neuvic', 'Lucien Jean-Baptiste', 'Nino Kirtadze', 'Philippe Katerine', 'Chantal Ladesou', 'Claudia Tagbo', 'Chann Aglat', 'Arié Elmaleh']"
436932,"['Johnny Harris', 'Ian McShane', 'Ray Winstone', 'Michael Smiley', 'Luke J.I. Smith', 'Anna Wilson-Hall', 'Jermaine Allen', 'Archie Cocker', 'Stacey Lynn Crowe', 'Marilyn May James', 'Atul Sharma']"
332788,"['Ezgi Mola', 'Murat Yildirim', 'Nevra Serezli', 'Ebru Cündübeyoğlu']"
414453,"['John Cho', 'Haley Lu Richardson', 'Parker Posey', 'Rory Culkin', 'Michelle Forbes', 'Shani Salyers Stiles', 'Jim Dougherty', 'Erin Allegretti', 'Rosalyn R. Ross', 'Lindsey Shope']"
